product,theme,value_prop,target_audience,spec_bullets,seo_keywords,campaign_id
AetherGuard AI-Driven Smart Security Hub,Seamless security with AI-powered insights,Revolutionize home security with intelligent threat detection,"Tech-savvy homeowners, security-conscious families","AI-enhanced real-time threat analysis, 360-degree panoramic HD camera view, Voice-activated emergency protocols, Customizable smart alerts via mobile app, Seamless integration with existing smart home systems","AI home security, smart security hub, intelligent threat detection, home safety technology, advanced security camera, smart home integration",1
FlexMaster Pro Adjustable Dumbbell Set,Transform Your Home Gym with Versatile Strength Training,All-in-one dumbbell set for efficient workouts,Fitness enthusiasts and home gym owners,"Adjustable weight range from 5 to 52.5 lbs, Easy-to-use dial system for quick adjustments, Non-slip ergonomic handles for secure grip, Space-saving design replaces 15 sets of weights, Durable steel construction ensures long-lasting use","adjustable dumbbell set, home gym equipment, versatile strength training, space-saving fitness solution, FlexMaster Pro dumbbells, ergonomic workout gear",2
LuxeGlimmer Solar-Powered LED Statement Necklace,Illuminate your style sustainably,Eco-friendly elegance with a radiant glow,Eco-conscious fashion-forward trendsetters,"Solar-powered LED lighting with adjustable brightness, Made from 100% recycled sterling silver, Battery lasts up to 12 hours on a full charge, Water-resistant for all-weather wear, Customizable pendant design via magnetic attachments","Solar-powered necklace, LED statement jewelry, Eco-friendly fashion accessories, Sustainable style necklace, Recycled sterling silver necklace, Customizable pendant necklace",3
TruffleTwist Artisan Black Truffle Infused Olive Oil,Elevate everyday meals with gourmet flair,Transform your dishes with luxurious truffle flavor,Food enthusiasts and home chefs,"Cold-pressed extra virgin olive oil base, Infused with premium black truffles, 250ml elegant glass bottle, Non-GMO and gluten-free, Handcrafted in small batches","gourmet truffle olive oil, artisan infused oils, luxury cooking ingredients, black truffle flavor, premium olive oil, culinary truffle products",4
EcoGlow Radiant Skin Revitalizing Serum,Illuminate your skin naturally,Achieve radiant skin with organic botanicals,Eco-conscious women aged 25-40,"Contains 95% certified organic ingredients, Infused with vitamin C and E for brightening, Free from parabens, sulfates, and artificial fragrances, Lightweight, non-greasy formula for all skin types, Cruelty-free and vegan certified","organic skin serum, radiant skin care, natural face serum, vegan beauty products, skin brightening serum, eco-friendly skincare",5
ErgoSmart LuminaDesk LED Desk Organizer,Effortless Organization and Adjustable Lighting,Declutter your workspace with illuminated precision,Professionals seeking organized workspaces,"Integrated LED light with three brightness levels, Built-in wireless phone charger, Expandable compartments for pens and supplies, Eco-friendly bamboo and aluminum construction, USB ports for device charging","LED desk organizer, workspace declutter, wireless charging desk, eco-friendly office supplies, adjustable desk lighting, multi-functional desk organizer",6
PurrfectDreams Heated Cat Bed,Ultimate Comfort for Feline Relaxation,Provides warmth and comfort for restful sleep,Cat owners seeking luxury and comfort,"Adjustable temperature settings for year-round use, Eco-friendly materials with non-slip base, Machine washable removable cover, Automatic shut-off after 12 hours, Available in three sizes: Small, Medium, Large","heated cat bed, luxury pet bed, warm cat sleeping pad, eco-friendly cat products, machine washable cat bed, premium feline comfort",7
SkyQuest UltraLite All-Terrain Hiking Boots,Conquer Every Trail with Comfort and Confidence,Lightweight durability for ultimate outdoor adventures,Avid hikers and outdoor enthusiasts,"Waterproof full-grain leather upper, Breathable mesh lining for optimal ventilation, Advanced traction grip for varied terrains, Cushioned insole for all-day comfort, Weighs only 1.5 lbs per boot","lightweight hiking boots, waterproof outdoor footwear, all-terrain hiking shoes, breathable hiking boots, durable hiking footwear, comfortable hiking boots",8
STEMQuest RoboLab Adventure Kit,Empower kids to build and code their own robots,Inspires creativity and critical thinking through robotics,Parents of curious 8-12 year-olds,"Includes 150+ snap-together parts, Features Bluetooth-connected coding app, Compatible with iOS and Android devices, Interactive story-based learning modules, Rechargeable battery with 5-hour runtime","educational robotics kit, STEM toys for kids, coding for children, interactive learning toy, robot building kit, kids coding adventure",9
LumiGlow Enchanted LED Wall Art Frame,Transform any room with a touch of magic,Elevate ambiance with mesmerizing LED artistry,Modern homeowners seeking unique decor,"Dimensions: 24x36 inches, Built-in color-changing LED lights, Remote control with 16 color options, Eco-friendly, energy-efficient design, Easy wall-mount installation","LED wall art, modern home decor, color-changing wall frame, ambient lighting decor, unique wall decoration, enchanted wall art",10
