theme,value_prop,target_audience,spec_bullets,seo_keywords,campaign_id
Empower Your Fitness Journey,Unleash your potential with personalized workout plans.,Health-conscious millennials and Gen Z,"['Personalized workout plans tailored to your goals', 'Access to expert trainers and nutritionists', 'Community support and motivation via app', 'Gamified fitness challenges for engagement', 'Progress tracking and analytics for improvements']","['fitness app', 'personalized workouts', 'nutrition guidance', 'community support', 'fitness challenges', 'progress tracking']",1
Sustainable Living Made Easy,Embrace eco-friendly habits effortlessly every day.,Environmentally conscious individuals seeking convenience.,"['Comprehensive guide to sustainable practices', 'Daily tips delivered straight to your inbox', 'User-friendly app for tracking eco-impact', 'Community challenges to boost engagement', 'Exclusive discounts on eco-friendly products']","['sustainable living', 'eco-friendly habits', 'green lifestyle', 'environmental consciousness', 'zero waste', 'sustainable products']",2
Sustainable Living for Urban Dwellers,Reduce your carbon footprint with ease.,Eco-conscious city residents,"['Compact design for small apartments', 'Energy-efficient appliances included', 'User-friendly mobile app for tracking', 'Stylish, modern aesthetics', 'Durable materials for longevity']","['sustainable living', 'urban eco-friendly', 'carbon footprint', 'green products', 'energy efficiency', 'sustainable home']",3
Sustainable Living for a Greener Tomorrow,Eco-friendly products for a sustainable lifestyle,Eco-conscious consumers and families,"['Biodegradable packaging for all products', 'Recyclable materials used in production', 'Energy-efficient manufacturing processes', 'Partnerships with local sustainability organizations', 'Monthly tips for reducing carbon footprint']","['sustainable living', 'eco-friendly products', 'green lifestyle', 'biodegradable packaging', 'reduce carbon footprint', 'recyclable materials']",4
Empower Your Journey,Unlock potential with personalized wellness solutions.,Health-conscious individuals seeking improvement.,"['Customizable wellness plans to fit individual needs.', 'Accessible expert guidance for optimal health.', 'Community support through user-driven forums.', 'Mobile app integration for tracking progress.', 'Real-time feedback for better lifestyle choices.']","['wellness solutions', 'personalized health', 'fitness journey', 'health coaching', 'community support', 'lifestyle improvement']",5
Sustainable Living for Urban Consumers,Simplifying eco-friendly choices for city dwellers.,Environmentally conscious urban residents,"['Comprehensive guide to sustainable living practices', 'Curated product recommendations for eco-friendly goods', 'Local green initiatives and events spotlighted', 'User-friendly mobile app for easy access', 'Community engagement opportunities for advocacy']","['sustainable living', 'eco-friendly products', 'urban sustainability', 'green initiatives', 'environmental advocacy', 'city dwellers']",6
Eco-Friendly Home Essentials,Sustainable products for a greener lifestyle.,Eco-conscious homeowners and renters,"['Biodegradable materials for all products', 'Stylish designs that complement modern decor', 'Affordable pricing without compromising quality', 'Fully recyclable packaging to minimize waste', 'Locally sourced materials to support communities']","['sustainable products', 'eco-friendly home', 'green living', 'biodegradable materials', 'recyclable packaging', 'energy-efficient appliances']",7
Empower Your Workout,Elevate fitness with innovative gear and support.,Fitness enthusiasts and active individuals,"['Lightweight and durable materials for maximum performance', 'Advanced moisture-wicking technology to keep you dry', 'Ergonomic design tailored for optimal comfort', 'Eco-friendly production practices reduce environmental impact', 'Versatile styles suitable for various activities']","['fitness gear', 'moisture-wicking', 'active lifestyle', 'eco-friendly apparel', 'ergonomic design', 'workout essentials']",8
Empowering Sustainable Living,Make eco-friendly choices easy and accessible.,Environmentally conscious consumers,"['Simple daily sustainability tips', 'Affordable eco-friendly products', 'Community-driven initiatives', 'Educational content and resources', 'Rewards for sustainable actions']","['sustainability', 'eco-friendly', 'green living', 'environmental impact', 'sustainable products', 'conscious consumerism']",9
Sustainable Living,Transform your life with eco-friendly choices.,Eco-conscious consumers seeking change.,"['Expert tips for a greener lifestyle', 'Exclusive discounts on eco-products', 'Interactive community for shared insights', 'Step-by-step guides for sustainable habits', 'Monthly challenges to inspire action']","['Sustainable living', 'Eco-friendly products', 'Green habits', 'Environmental consciousness', 'Reduce waste', 'Eco-conscious community']",10
